{
  "structures": [
    {
      "structure": "survivalexpansion:crimtree4",
      "weight": 1
    },
    {
      "structure": "survivalexpansion:crimtree3",
      "weight": 1
    },
    {
      "structure": "survivalexpansion:crimtree2",
      "weight": 1
    },
    {
      "structure": "survivalexpansion:crimtree1",
      "weight": 1
    }
  ],
  "placement": {
    "type": "minecraft:random_spread",
    "salt": 1776016415,
    "exclusion_zone": {
      "other_set": "survivalexpansion:dreadcastle",
      "chunk_count": 2
    },
    "spacing": 2,
    "separation": 0
  }
}
